case_order,case_id,model,domain,scc_id,scc_size,template,source_result_file,old_llm_calls,old_time_sec
1,01_cuad34_scc_11_direct_mutex,deepseek-v3,cuad,scc_11,34,direct_mutex,/Users/chenlong/.codex/worktrees/9c5f/MCGS_Law/experiments/cross_domain/results/battle_inject_memory_stress_direct_mutex_critical_directsubgraphnaive_relation_first_critical_paper_v3_b60_cuad34_direct_mutex_critical_b60_1778870829.json,57,412.48012590408325
2,02_cuad28_scc_39_direct_mutex,deepseek-v3,cuad,scc_39,28,direct_mutex,/Users/chenlong/.codex/worktrees/9c5f/MCGS_Law/experiments/cross_domain/results/battle_inject_memory_stress_direct_mutex_critical_directsubgraphnaive_relation_first_critical_paper_v3_b60_cuad28_direct_mutex_critical_b60_1778870607.json,57,477.6327180862427
3,03_bgb25_scc_3_direct_mutex,deepseek-v3,bgb,scc_3,25,direct_mutex,/Users/chenlong/.codex/worktrees/9c5f/MCGS_Law/experiments/cross_domain/results/battle_inject_memory_stress_direct_mutex_critical_directsubgraphnaive_relation_first_critical_paper_v3_b60_bgb25_direct_mutex_critical_b60_1778867640.json,58,219.57248783111572
4,04_cuad25_scc_17_direct_mutex,deepseek-v3,cuad,scc_17,25,direct_mutex,/Users/chenlong/.codex/worktrees/9c5f/MCGS_Law/experiments/cross_domain/results/battle_inject_memory_stress_direct_mutex_critical_directsubgraphnaive_relation_first_critical_paper_v3_b60_cuad25_direct_mutex_critical_b60_1778870199.json,60,398.95409989356995
5,05_cuad24_scc_21_direct_mutex,deepseek-v3,cuad,scc_21,24,direct_mutex,/Users/chenlong/.codex/worktrees/9c5f/MCGS_Law/experiments/cross_domain/results/battle_inject_memory_stress_direct_mutex_critical_directsubgraphnaive_relation_first_critical_paper_v3_b60_cuad24_direct_mutex_critical_b60_1778869827.json,60,407.1707088947296
6,06_cuad20_scc_28_direct_mutex,deepseek-v3,cuad,scc_28,20,direct_mutex,/Users/chenlong/.codex/worktrees/9c5f/MCGS_Law/experiments/cross_domain/results/battle_inject_memory_stress_direct_mutex_critical_directsubgraphnaive_relation_first_critical_paper_v3_b60_cuad20_direct_mutex_critical_b60_1778869652.json,60,453.5099709033966
7,07_cuad18_scc_6_direct_mutex,deepseek-v3,cuad,scc_6,18,direct_mutex,/Users/chenlong/.codex/worktrees/9c5f/MCGS_Law/experiments/cross_domain/results/battle_inject_memory_stress_direct_mutex_critical_directsubgraphnaive_relation_first_critical_paper_v3_b60_cuad18_direct_mutex_critical_b60_1778869070.json,60,636.9685733318329
8,08_sec_ex2118_scc_3_direct_mutex,deepseek-v3,sec_ex21,scc_3,18,direct_mutex,/Users/chenlong/.codex/worktrees/9c5f/MCGS_Law/experiments/cross_domain/results/battle_inject_memory_stress_direct_mutex_critical_directsubgraphnaive_relation_first_critical_paper_v3_b60_sec_ex2118_direct_mutex_critical_b60_1778867080.json,58,191.78144311904907
9,09_cuad17_scc_0_direct_mutex,deepseek-v3,cuad,scc_0,17,direct_mutex,/Users/chenlong/.codex/worktrees/9c5f/MCGS_Law/experiments/cross_domain/results/battle_inject_memory_stress_direct_mutex_critical_directsubgraphnaive_relation_first_critical_paper_v3_b60_cuad17_direct_mutex_critical_b60_1778868890.json,57,385.9007890224457
10,10_cuad16_scc_23_direct_mutex,deepseek-v3,cuad,scc_23,16,direct_mutex,/Users/chenlong/.codex/worktrees/9c5f/MCGS_Law/experiments/cross_domain/results/battle_inject_memory_stress_direct_mutex_critical_directsubgraphnaive_relation_first_critical_paper_v3_b60_cuad16_direct_mutex_critical_b60_1778868285.json,56,378.47430396080017
11,11_cuad14_scc_8_direct_mutex,deepseek-v3,cuad,scc_8,14,direct_mutex,/Users/chenlong/.codex/worktrees/9c5f/MCGS_Law/experiments/cross_domain/results/battle_inject_memory_stress_direct_mutex_critical_directsubgraphnaive_relation_first_critical_paper_v3_b60_cuad14_direct_mutex_critical_b60_1778868082.json,60,448.60659408569336
12,12_cuad12_scc_50_direct_mutex,deepseek-v3,cuad,scc_50,12,direct_mutex,/Users/chenlong/.codex/worktrees/9c5f/MCGS_Law/experiments/cross_domain/results/battle_inject_memory_stress_direct_mutex_critical_directsubgraphnaive_relation_first_critical_paper_v3_b60_cuad12_direct_mutex_critical_b60_1778868014.json,60,408.53276109695435
13,13_debian12_scc_8_direct_mutex,deepseek-v3,debian,scc_8,12,direct_mutex,/Users/chenlong/.codex/worktrees/9c5f/MCGS_Law/experiments/cross_domain/results/battle_inject_memory_stress_direct_mutex_critical_directsubgraphnaive_relation_first_critical_paper_v3_b60_debian12_direct_mutex_critical_b60_1778866221.json,59,188.06200790405273
14,14_sec_ex2112_scc_2_direct_mutex,deepseek-v3,sec_ex21,scc_2,12,direct_mutex,/Users/chenlong/.codex/worktrees/9c5f/MCGS_Law/experiments/cross_domain/results/battle_inject_memory_stress_direct_mutex_critical_directsubgraphnaive_relation_first_critical_paper_v3_b60_sec_ex2112_direct_mutex_critical_b60_1778867055.json,60,182.04839396476746
15,15_bgb11_scc_0_direct_mutex,deepseek-v3,bgb,scc_0,11,direct_mutex,/Users/chenlong/.codex/worktrees/9c5f/MCGS_Law/experiments/cross_domain/results/battle_inject_memory_stress_direct_mutex_critical_directsubgraphnaive_relation_first_critical_paper_v3_b60_bgb11_direct_mutex_critical_b60_1778867548.json,59,194.86444091796875
16,16_debian11_scc_23_direct_mutex,deepseek-v3,debian,scc_23,11,direct_mutex,/Users/chenlong/.codex/worktrees/9c5f/MCGS_Law/experiments/cross_domain/results/battle_inject_memory_stress_direct_mutex_critical_directsubgraphnaive_relation_first_critical_paper_v3_b60_debian11_direct_mutex_critical_b60_1778866221.json,43,169.8763771057129
17,17_sec_ex2111_scc_3_direct_mutex,deepseek-v3,sec_ex21,scc_3,11,direct_mutex,/Users/chenlong/.codex/worktrees/9c5f/MCGS_Law/experiments/cross_domain/results/battle_inject_memory_stress_direct_mutex_critical_directsubgraphnaive_relation_first_critical_paper_v3_b60_sec_ex2111_direct_mutex_critical_b60_1778866652.json,57,193.51271510124207
18,18_sec_ex2110_scc_7_direct_mutex,deepseek-v3,sec_ex21,scc_7,10,direct_mutex,/Users/chenlong/.codex/worktrees/9c5f/MCGS_Law/experiments/cross_domain/results/battle_inject_memory_stress_direct_mutex_critical_directsubgraphnaive_relation_first_critical_paper_v3_b60_sec_ex2110_direct_mutex_critical_b60_1778866638.json,45,177.17435097694397
19,19_bgb9_scc_7_direct_mutex,deepseek-v3,bgb,scc_7,9,direct_mutex,/Users/chenlong/.codex/worktrees/9c5f/MCGS_Law/experiments/cross_domain/results/battle_inject_memory_stress_direct_mutex_critical_directsubgraphnaive_relation_first_critical_paper_v3_b60_bgb9_direct_mutex_critical_b60_1778867138.json,57,209.5114266872406
20,20_sec_ex219_scc_5_direct_mutex,deepseek-v3,sec_ex21,scc_5,9,direct_mutex,/Users/chenlong/.codex/worktrees/9c5f/MCGS_Law/experiments/cross_domain/results/battle_inject_memory_stress_direct_mutex_critical_directsubgraphnaive_relation_first_critical_paper_v3_b60_sec_ex219_direct_mutex_critical_b60_1778866228.json,51,175.47548007965088
21,21_cuad34_scc_11_handoff_invariant,deepseek-v3,cuad,scc_11,34,handoff_invariant,/Users/chenlong/.codex/worktrees/9c5f/MCGS_Law/experiments/cross_domain/results/battle_inject_memory_stress_handoff_invariant_critical_directsubgraphnaive_relation_first_critical_paper_v3_b60_cuad34_handoff_invariant_critical_b60_1778870959.json,60,364.67415404319763
22,22_cuad28_scc_39_temporal_gate,deepseek-v3,cuad,scc_39,28,temporal_gate,/Users/chenlong/.codex/worktrees/9c5f/MCGS_Law/experiments/cross_domain/results/battle_inject_memory_stress_temporal_gate_critical_directsubgraphnaive_relation_first_critical_paper_v3_b60_cuad28_temporal_gate_critical_b60_1778870754.json,53,354.05320715904236
23,23_bgb25_scc_3_condition_trigger,deepseek-v3,bgb,scc_3,25,condition_trigger,/Users/chenlong/.codex/worktrees/9c5f/MCGS_Law/experiments/cross_domain/results/battle_inject_memory_stress_condition_trigger_critical_directsubgraphnaive_relation_first_critical_paper_v3_b60_bgb25_condition_trigger_critical_b60_1778867752.json,58,222.7300398349762
24,24_cuad25_scc_17_handoff_invariant,deepseek-v3,cuad,scc_17,25,handoff_invariant,/Users/chenlong/.codex/worktrees/9c5f/MCGS_Law/experiments/cross_domain/results/battle_inject_memory_stress_handoff_invariant_critical_directsubgraphnaive_relation_first_critical_paper_v3_b60_cuad25_handoff_invariant_critical_b60_1778870536.json,57,391.56568026542664
25,25_cuad24_scc_21_temporal_gate,deepseek-v3,cuad,scc_21,24,temporal_gate,/Users/chenlong/.codex/worktrees/9c5f/MCGS_Law/experiments/cross_domain/results/battle_inject_memory_stress_temporal_gate_critical_directsubgraphnaive_relation_first_critical_paper_v3_b60_cuad24_temporal_gate_critical_b60_1778870158.json,60,346.5342741012573
26,26_cuad20_scc_28_condition_trigger,deepseek-v3,cuad,scc_28,20,condition_trigger,/Users/chenlong/.codex/worktrees/9c5f/MCGS_Law/experiments/cross_domain/results/battle_inject_memory_stress_condition_trigger_critical_directsubgraphnaive_relation_first_critical_paper_v3_b60_cuad20_condition_trigger_critical_b60_1778869740.json,56,380.50982189178467
27,27_cuad18_scc_6_handoff_invariant,deepseek-v3,cuad,scc_6,18,handoff_invariant,/Users/chenlong/.codex/worktrees/9c5f/MCGS_Law/experiments/cross_domain/results/battle_inject_memory_stress_handoff_invariant_critical_directsubgraphnaive_relation_first_critical_paper_v3_b60_cuad18_handoff_invariant_critical_b60_1778869144.json,60,445.9900529384613
28,28_sec_ex2118_scc_7_temporal_gate,deepseek-v3,sec_ex21,scc_7,18,temporal_gate,/Users/chenlong/.codex/worktrees/9c5f/MCGS_Law/experiments/cross_domain/results/battle_inject_memory_stress_temporal_gate_critical_directsubgraphnaive_relation_first_critical_paper_v3_b60_sec_ex2118_temporal_gate_critical_b60_1778867134.json,55,191.8492558002472
29,29_cuad17_scc_0_condition_trigger,deepseek-v3,cuad,scc_0,17,condition_trigger,/Users/chenlong/.codex/worktrees/9c5f/MCGS_Law/experiments/cross_domain/results/battle_inject_memory_stress_condition_trigger_critical_directsubgraphnaive_relation_first_critical_paper_v3_b60_cuad17_condition_trigger_critical_b60_1778869061.json,58,411.8054621219635
30,30_cuad16_scc_23_handoff_invariant,deepseek-v3,cuad,scc_23,16,handoff_invariant,/Users/chenlong/.codex/worktrees/9c5f/MCGS_Law/experiments/cross_domain/results/battle_inject_memory_stress_handoff_invariant_critical_directsubgraphnaive_relation_first_critical_paper_v3_b60_cuad16_handoff_invariant_critical_b60_1778868286.json,60,388.2570450305939
31,31_cuad14_scc_8_temporal_gate,deepseek-v3,cuad,scc_8,14,temporal_gate,/Users/chenlong/.codex/worktrees/9c5f/MCGS_Law/experiments/cross_domain/results/battle_inject_memory_stress_temporal_gate_critical_directsubgraphnaive_relation_first_critical_paper_v3_b60_cuad14_temporal_gate_critical_b60_1778868182.json,59,490.76849007606506
32,32_cuad12_scc_50_condition_trigger,deepseek-v3,cuad,scc_50,12,condition_trigger,/Users/chenlong/.codex/worktrees/9c5f/MCGS_Law/experiments/cross_domain/results/battle_inject_memory_stress_condition_trigger_critical_directsubgraphnaive_relation_first_critical_paper_v3_b60_cuad12_condition_trigger_critical_b60_1778868063.json,60,423.0967969894409
33,33_debian12_scc_8_handoff_invariant,deepseek-v3,debian,scc_8,12,handoff_invariant,/Users/chenlong/.codex/worktrees/9c5f/MCGS_Law/experiments/cross_domain/results/battle_inject_memory_stress_handoff_invariant_critical_directsubgraphnaive_relation_first_critical_paper_v3_b60_debian12_handoff_invariant_critical_b60_1778866221.json,56,227.21209025382996
34,34_sec_ex2112_scc_4_temporal_gate,deepseek-v3,sec_ex21,scc_4,12,temporal_gate,/Users/chenlong/.codex/worktrees/9c5f/MCGS_Law/experiments/cross_domain/results/battle_inject_memory_stress_temporal_gate_critical_directsubgraphnaive_relation_first_critical_paper_v3_b60_sec_ex2112_temporal_gate_critical_b60_1778867067.json,58,175.46926426887512
35,35_bgb11_scc_0_condition_trigger,deepseek-v3,bgb,scc_0,11,condition_trigger,/Users/chenlong/.codex/worktrees/9c5f/MCGS_Law/experiments/cross_domain/results/battle_inject_memory_stress_condition_trigger_critical_directsubgraphnaive_relation_first_critical_paper_v3_b60_bgb11_condition_trigger_critical_b60_1778867585.json,60,198.51953268051147
36,36_debian11_scc_23_handoff_invariant,deepseek-v3,debian,scc_23,11,handoff_invariant,/Users/chenlong/.codex/worktrees/9c5f/MCGS_Law/experiments/cross_domain/results/battle_inject_memory_stress_handoff_invariant_critical_directsubgraphnaive_relation_first_critical_paper_v3_b60_debian11_handoff_invariant_critical_b60_1778866221.json,58,189.17094206809998
37,37_sec_ex2111_scc_1_temporal_gate,deepseek-v3,sec_ex21,scc_1,11,temporal_gate,/Users/chenlong/.codex/worktrees/9c5f/MCGS_Law/experiments/cross_domain/results/battle_inject_memory_stress_temporal_gate_critical_directsubgraphnaive_relation_first_critical_paper_v3_b60_sec_ex2111_temporal_gate_critical_b60_1778866682.json,56,187.6180989742279
38,38_sec_ex2110_scc_2_condition_trigger,deepseek-v3,sec_ex21,scc_2,10,condition_trigger,/Users/chenlong/.codex/worktrees/9c5f/MCGS_Law/experiments/cross_domain/results/battle_inject_memory_stress_condition_trigger_critical_directsubgraphnaive_relation_first_critical_paper_v3_b60_sec_ex2110_condition_trigger_critical_b60_1778866647.json,48,179.69825100898743
39,39_bgb9_scc_7_handoff_invariant,deepseek-v3,bgb,scc_7,9,handoff_invariant,/Users/chenlong/.codex/worktrees/9c5f/MCGS_Law/experiments/cross_domain/results/battle_inject_memory_stress_handoff_invariant_critical_directsubgraphnaive_relation_first_critical_paper_v3_b60_bgb9_handoff_invariant_critical_b60_1778867159.json,60,220.81455516815186
40,40_sec_ex219_scc_1_temporal_gate,deepseek-v3,sec_ex21,scc_1,9,temporal_gate,/Users/chenlong/.codex/worktrees/9c5f/MCGS_Law/experiments/cross_domain/results/battle_inject_memory_stress_temporal_gate_critical_directsubgraphnaive_relation_first_critical_paper_v3_b60_sec_ex219_temporal_gate_critical_b60_1778866629.json,55,206.13740992546082
