variant,variant_key,case_id,case_order,domain,scc_id,scc_size,scc_bin,template,invalid,root_at_3,risk_any,risk_all,risk_coverage,compression,core_size,result_file
Full SA-MCGS (locked main),full-sa-mcgs-locked,01_cuad34_scc_11_direct_mutex,1,cuad,scc_11,34,large (20-34),cuad_direct_no_fee_vs_fee_critical,False,True,True,True,1.0,0.5294117647058824,16,/Users/chenlong/WorkSpace/MCGS_Law/emnlp2026_discussion/component_ablation_runs/stage2_core_replay_main40_20260711/results/01_cuad34_scc_11_direct_mutex__full-sa-mcgs-locked.json
Monotone core (replay),monotone-core,01_cuad34_scc_11_direct_mutex,1,cuad,scc_11,34,large (20-34),cuad_direct_no_fee_vs_fee_critical,False,True,True,True,1.0,0.6176470588235294,13,/Users/chenlong/WorkSpace/MCGS_Law/emnlp2026_discussion/component_ablation_runs/stage2_core_replay_main40_20260711/results/01_cuad34_scc_11_direct_mutex__monotone-core.json
No OC/core signal (replay),no-oc-core-signal,01_cuad34_scc_11_direct_mutex,1,cuad,scc_11,34,large (20-34),cuad_direct_no_fee_vs_fee_critical,False,True,True,True,1.0,0.5294117647058824,16,/Users/chenlong/WorkSpace/MCGS_Law/emnlp2026_discussion/component_ablation_runs/stage2_core_replay_main40_20260711/results/01_cuad34_scc_11_direct_mutex__no-oc-core-signal.json
No pair closure in final core (replay),no-pair-closure-final-core,01_cuad34_scc_11_direct_mutex,1,cuad,scc_11,34,large (20-34),cuad_direct_no_fee_vs_fee_critical,False,True,True,True,1.0,0.5588235294117647,15,/Users/chenlong/WorkSpace/MCGS_Law/emnlp2026_discussion/component_ablation_runs/stage2_core_replay_main40_20260711/results/01_cuad34_scc_11_direct_mutex__no-pair-closure-final-core.json
Full SA-MCGS (locked main),full-sa-mcgs-locked,02_cuad28_scc_39_direct_mutex,2,cuad,scc_39,28,large (20-34),cuad_direct_no_fee_vs_fee_critical,False,False,True,False,0.5,0.5357142857142857,13,/Users/chenlong/WorkSpace/MCGS_Law/emnlp2026_discussion/component_ablation_runs/stage2_core_replay_main40_20260711/results/02_cuad28_scc_39_direct_mutex__full-sa-mcgs-locked.json
Monotone core (replay),monotone-core,02_cuad28_scc_39_direct_mutex,2,cuad,scc_39,28,large (20-34),cuad_direct_no_fee_vs_fee_critical,False,False,False,False,0.0,0.8928571428571429,3,/Users/chenlong/WorkSpace/MCGS_Law/emnlp2026_discussion/component_ablation_runs/stage2_core_replay_main40_20260711/results/02_cuad28_scc_39_direct_mutex__monotone-core.json
No OC/core signal (replay),no-oc-core-signal,02_cuad28_scc_39_direct_mutex,2,cuad,scc_39,28,large (20-34),cuad_direct_no_fee_vs_fee_critical,False,False,True,False,0.5,0.5357142857142857,13,/Users/chenlong/WorkSpace/MCGS_Law/emnlp2026_discussion/component_ablation_runs/stage2_core_replay_main40_20260711/results/02_cuad28_scc_39_direct_mutex__no-oc-core-signal.json
No pair closure in final core (replay),no-pair-closure-final-core,02_cuad28_scc_39_direct_mutex,2,cuad,scc_39,28,large (20-34),cuad_direct_no_fee_vs_fee_critical,False,False,True,False,0.5,0.5357142857142857,13,/Users/chenlong/WorkSpace/MCGS_Law/emnlp2026_discussion/component_ablation_runs/stage2_core_replay_main40_20260711/results/02_cuad28_scc_39_direct_mutex__no-pair-closure-final-core.json
Full SA-MCGS (locked main),full-sa-mcgs-locked,03_bgb25_scc_3_direct_mutex,3,bgb,scc_3,25,large (20-34),bgb_direct_timely_cure_vs_extra_charge_critical,False,True,True,True,1.0,0.52,12,/Users/chenlong/WorkSpace/MCGS_Law/emnlp2026_discussion/component_ablation_runs/stage2_core_replay_main40_20260711/results/03_bgb25_scc_3_direct_mutex__full-sa-mcgs-locked.json
Monotone core (replay),monotone-core,03_bgb25_scc_3_direct_mutex,3,bgb,scc_3,25,large (20-34),bgb_direct_timely_cure_vs_extra_charge_critical,False,True,True,True,1.0,0.6799999999999999,8,/Users/chenlong/WorkSpace/MCGS_Law/emnlp2026_discussion/component_ablation_runs/stage2_core_replay_main40_20260711/results/03_bgb25_scc_3_direct_mutex__monotone-core.json
No OC/core signal (replay),no-oc-core-signal,03_bgb25_scc_3_direct_mutex,3,bgb,scc_3,25,large (20-34),bgb_direct_timely_cure_vs_extra_charge_critical,False,True,True,True,1.0,0.52,12,/Users/chenlong/WorkSpace/MCGS_Law/emnlp2026_discussion/component_ablation_runs/stage2_core_replay_main40_20260711/results/03_bgb25_scc_3_direct_mutex__no-oc-core-signal.json
No pair closure in final core (replay),no-pair-closure-final-core,03_bgb25_scc_3_direct_mutex,3,bgb,scc_3,25,large (20-34),bgb_direct_timely_cure_vs_extra_charge_critical,False,True,True,True,1.0,0.52,12,/Users/chenlong/WorkSpace/MCGS_Law/emnlp2026_discussion/component_ablation_runs/stage2_core_replay_main40_20260711/results/03_bgb25_scc_3_direct_mutex__no-pair-closure-final-core.json
Full SA-MCGS (locked main),full-sa-mcgs-locked,04_cuad25_scc_17_direct_mutex,4,cuad,scc_17,25,large (20-34),cuad_direct_no_fee_vs_fee_critical,False,True,True,False,0.5,0.52,12,/Users/chenlong/WorkSpace/MCGS_Law/emnlp2026_discussion/component_ablation_runs/stage2_core_replay_main40_20260711/results/04_cuad25_scc_17_direct_mutex__full-sa-mcgs-locked.json
Monotone core (replay),monotone-core,04_cuad25_scc_17_direct_mutex,4,cuad,scc_17,25,large (20-34),cuad_direct_no_fee_vs_fee_critical,False,True,True,True,1.0,0.8,5,/Users/chenlong/WorkSpace/MCGS_Law/emnlp2026_discussion/component_ablation_runs/stage2_core_replay_main40_20260711/results/04_cuad25_scc_17_direct_mutex__monotone-core.json
No OC/core signal (replay),no-oc-core-signal,04_cuad25_scc_17_direct_mutex,4,cuad,scc_17,25,large (20-34),cuad_direct_no_fee_vs_fee_critical,False,True,True,False,0.5,0.52,12,/Users/chenlong/WorkSpace/MCGS_Law/emnlp2026_discussion/component_ablation_runs/stage2_core_replay_main40_20260711/results/04_cuad25_scc_17_direct_mutex__no-oc-core-signal.json
No pair closure in final core (replay),no-pair-closure-final-core,04_cuad25_scc_17_direct_mutex,4,cuad,scc_17,25,large (20-34),cuad_direct_no_fee_vs_fee_critical,False,True,True,False,0.5,0.52,12,/Users/chenlong/WorkSpace/MCGS_Law/emnlp2026_discussion/component_ablation_runs/stage2_core_replay_main40_20260711/results/04_cuad25_scc_17_direct_mutex__no-pair-closure-final-core.json
Full SA-MCGS (locked main),full-sa-mcgs-locked,05_cuad24_scc_21_direct_mutex,5,cuad,scc_21,24,large (20-34),cuad_direct_no_fee_vs_fee_critical,False,True,True,True,1.0,0.5416666666666667,11,/Users/chenlong/WorkSpace/MCGS_Law/emnlp2026_discussion/component_ablation_runs/stage2_core_replay_main40_20260711/results/05_cuad24_scc_21_direct_mutex__full-sa-mcgs-locked.json
Monotone core (replay),monotone-core,05_cuad24_scc_21_direct_mutex,5,cuad,scc_21,24,large (20-34),cuad_direct_no_fee_vs_fee_critical,False,True,True,True,1.0,0.8333333333333334,4,/Users/chenlong/WorkSpace/MCGS_Law/emnlp2026_discussion/component_ablation_runs/stage2_core_replay_main40_20260711/results/05_cuad24_scc_21_direct_mutex__monotone-core.json
No OC/core signal (replay),no-oc-core-signal,05_cuad24_scc_21_direct_mutex,5,cuad,scc_21,24,large (20-34),cuad_direct_no_fee_vs_fee_critical,False,True,True,True,1.0,0.5416666666666667,11,/Users/chenlong/WorkSpace/MCGS_Law/emnlp2026_discussion/component_ablation_runs/stage2_core_replay_main40_20260711/results/05_cuad24_scc_21_direct_mutex__no-oc-core-signal.json
No pair closure in final core (replay),no-pair-closure-final-core,05_cuad24_scc_21_direct_mutex,5,cuad,scc_21,24,large (20-34),cuad_direct_no_fee_vs_fee_critical,False,True,True,True,1.0,0.5416666666666667,11,/Users/chenlong/WorkSpace/MCGS_Law/emnlp2026_discussion/component_ablation_runs/stage2_core_replay_main40_20260711/results/05_cuad24_scc_21_direct_mutex__no-pair-closure-final-core.json
Full SA-MCGS (locked main),full-sa-mcgs-locked,06_cuad20_scc_28_direct_mutex,6,cuad,scc_28,20,large (20-34),cuad_direct_no_fee_vs_fee_critical,False,True,True,False,0.5,0.55,9,/Users/chenlong/WorkSpace/MCGS_Law/emnlp2026_discussion/component_ablation_runs/stage2_core_replay_main40_20260711/results/06_cuad20_scc_28_direct_mutex__full-sa-mcgs-locked.json
Monotone core (replay),monotone-core,06_cuad20_scc_28_direct_mutex,6,cuad,scc_28,20,large (20-34),cuad_direct_no_fee_vs_fee_critical,False,True,True,False,0.5,0.7,6,/Users/chenlong/WorkSpace/MCGS_Law/emnlp2026_discussion/component_ablation_runs/stage2_core_replay_main40_20260711/results/06_cuad20_scc_28_direct_mutex__monotone-core.json
No OC/core signal (replay),no-oc-core-signal,06_cuad20_scc_28_direct_mutex,6,cuad,scc_28,20,large (20-34),cuad_direct_no_fee_vs_fee_critical,False,True,True,False,0.5,0.55,9,/Users/chenlong/WorkSpace/MCGS_Law/emnlp2026_discussion/component_ablation_runs/stage2_core_replay_main40_20260711/results/06_cuad20_scc_28_direct_mutex__no-oc-core-signal.json
No pair closure in final core (replay),no-pair-closure-final-core,06_cuad20_scc_28_direct_mutex,6,cuad,scc_28,20,large (20-34),cuad_direct_no_fee_vs_fee_critical,False,True,True,False,0.5,0.55,9,/Users/chenlong/WorkSpace/MCGS_Law/emnlp2026_discussion/component_ablation_runs/stage2_core_replay_main40_20260711/results/06_cuad20_scc_28_direct_mutex__no-pair-closure-final-core.json
Full SA-MCGS (locked main),full-sa-mcgs-locked,07_cuad18_scc_6_direct_mutex,7,cuad,scc_6,18,medium (12-18),cuad_direct_no_fee_vs_fee_critical,False,True,True,True,1.0,0.5,9,/Users/chenlong/WorkSpace/MCGS_Law/emnlp2026_discussion/component_ablation_runs/stage2_core_replay_main40_20260711/results/07_cuad18_scc_6_direct_mutex__full-sa-mcgs-locked.json
Monotone core (replay),monotone-core,07_cuad18_scc_6_direct_mutex,7,cuad,scc_6,18,medium (12-18),cuad_direct_no_fee_vs_fee_critical,False,True,True,False,0.5,0.8888888888888888,2,/Users/chenlong/WorkSpace/MCGS_Law/emnlp2026_discussion/component_ablation_runs/stage2_core_replay_main40_20260711/results/07_cuad18_scc_6_direct_mutex__monotone-core.json
No OC/core signal (replay),no-oc-core-signal,07_cuad18_scc_6_direct_mutex,7,cuad,scc_6,18,medium (12-18),cuad_direct_no_fee_vs_fee_critical,False,True,True,True,1.0,0.5,9,/Users/chenlong/WorkSpace/MCGS_Law/emnlp2026_discussion/component_ablation_runs/stage2_core_replay_main40_20260711/results/07_cuad18_scc_6_direct_mutex__no-oc-core-signal.json
No pair closure in final core (replay),no-pair-closure-final-core,07_cuad18_scc_6_direct_mutex,7,cuad,scc_6,18,medium (12-18),cuad_direct_no_fee_vs_fee_critical,False,True,True,True,1.0,0.5,9,/Users/chenlong/WorkSpace/MCGS_Law/emnlp2026_discussion/component_ablation_runs/stage2_core_replay_main40_20260711/results/07_cuad18_scc_6_direct_mutex__no-pair-closure-final-core.json
Full SA-MCGS (locked main),full-sa-mcgs-locked,08_sec_ex2118_scc_3_direct_mutex,8,sec_ex21,scc_3,18,medium (12-18),sec_direct_full_consolidation_vs_retained_interest_critical,False,True,True,True,1.0,0.5,9,/Users/chenlong/WorkSpace/MCGS_Law/emnlp2026_discussion/component_ablation_runs/stage2_core_replay_main40_20260711/results/08_sec_ex2118_scc_3_direct_mutex__full-sa-mcgs-locked.json
Monotone core (replay),monotone-core,08_sec_ex2118_scc_3_direct_mutex,8,sec_ex21,scc_3,18,medium (12-18),sec_direct_full_consolidation_vs_retained_interest_critical,False,True,True,True,1.0,0.7777777777777778,4,/Users/chenlong/WorkSpace/MCGS_Law/emnlp2026_discussion/component_ablation_runs/stage2_core_replay_main40_20260711/results/08_sec_ex2118_scc_3_direct_mutex__monotone-core.json
No OC/core signal (replay),no-oc-core-signal,08_sec_ex2118_scc_3_direct_mutex,8,sec_ex21,scc_3,18,medium (12-18),sec_direct_full_consolidation_vs_retained_interest_critical,False,True,True,True,1.0,0.5,9,/Users/chenlong/WorkSpace/MCGS_Law/emnlp2026_discussion/component_ablation_runs/stage2_core_replay_main40_20260711/results/08_sec_ex2118_scc_3_direct_mutex__no-oc-core-signal.json
No pair closure in final core (replay),no-pair-closure-final-core,08_sec_ex2118_scc_3_direct_mutex,8,sec_ex21,scc_3,18,medium (12-18),sec_direct_full_consolidation_vs_retained_interest_critical,False,True,True,True,1.0,0.5,9,/Users/chenlong/WorkSpace/MCGS_Law/emnlp2026_discussion/component_ablation_runs/stage2_core_replay_main40_20260711/results/08_sec_ex2118_scc_3_direct_mutex__no-pair-closure-final-core.json
Full SA-MCGS (locked main),full-sa-mcgs-locked,09_cuad17_scc_0_direct_mutex,9,cuad,scc_0,17,medium (12-18),cuad_direct_no_fee_vs_fee_critical,False,False,True,True,1.0,0.5294117647058824,8,/Users/chenlong/WorkSpace/MCGS_Law/emnlp2026_discussion/component_ablation_runs/stage2_core_replay_main40_20260711/results/09_cuad17_scc_0_direct_mutex__full-sa-mcgs-locked.json
Monotone core (replay),monotone-core,09_cuad17_scc_0_direct_mutex,9,cuad,scc_0,17,medium (12-18),cuad_direct_no_fee_vs_fee_critical,False,False,True,False,0.5,0.6470588235294117,6,/Users/chenlong/WorkSpace/MCGS_Law/emnlp2026_discussion/component_ablation_runs/stage2_core_replay_main40_20260711/results/09_cuad17_scc_0_direct_mutex__monotone-core.json
No OC/core signal (replay),no-oc-core-signal,09_cuad17_scc_0_direct_mutex,9,cuad,scc_0,17,medium (12-18),cuad_direct_no_fee_vs_fee_critical,False,False,True,True,1.0,0.5294117647058824,8,/Users/chenlong/WorkSpace/MCGS_Law/emnlp2026_discussion/component_ablation_runs/stage2_core_replay_main40_20260711/results/09_cuad17_scc_0_direct_mutex__no-oc-core-signal.json
No pair closure in final core (replay),no-pair-closure-final-core,09_cuad17_scc_0_direct_mutex,9,cuad,scc_0,17,medium (12-18),cuad_direct_no_fee_vs_fee_critical,False,False,True,True,1.0,0.5294117647058824,8,/Users/chenlong/WorkSpace/MCGS_Law/emnlp2026_discussion/component_ablation_runs/stage2_core_replay_main40_20260711/results/09_cuad17_scc_0_direct_mutex__no-pair-closure-final-core.json
Full SA-MCGS (locked main),full-sa-mcgs-locked,10_cuad16_scc_23_direct_mutex,10,cuad,scc_23,16,medium (12-18),cuad_direct_no_fee_vs_fee_critical,False,True,True,True,1.0,0.5,8,/Users/chenlong/WorkSpace/MCGS_Law/emnlp2026_discussion/component_ablation_runs/stage2_core_replay_main40_20260711/results/10_cuad16_scc_23_direct_mutex__full-sa-mcgs-locked.json
Monotone core (replay),monotone-core,10_cuad16_scc_23_direct_mutex,10,cuad,scc_23,16,medium (12-18),cuad_direct_no_fee_vs_fee_critical,False,True,True,True,1.0,0.875,2,/Users/chenlong/WorkSpace/MCGS_Law/emnlp2026_discussion/component_ablation_runs/stage2_core_replay_main40_20260711/results/10_cuad16_scc_23_direct_mutex__monotone-core.json
No OC/core signal (replay),no-oc-core-signal,10_cuad16_scc_23_direct_mutex,10,cuad,scc_23,16,medium (12-18),cuad_direct_no_fee_vs_fee_critical,False,True,True,True,1.0,0.5,8,/Users/chenlong/WorkSpace/MCGS_Law/emnlp2026_discussion/component_ablation_runs/stage2_core_replay_main40_20260711/results/10_cuad16_scc_23_direct_mutex__no-oc-core-signal.json
No pair closure in final core (replay),no-pair-closure-final-core,10_cuad16_scc_23_direct_mutex,10,cuad,scc_23,16,medium (12-18),cuad_direct_no_fee_vs_fee_critical,False,True,True,True,1.0,0.5,8,/Users/chenlong/WorkSpace/MCGS_Law/emnlp2026_discussion/component_ablation_runs/stage2_core_replay_main40_20260711/results/10_cuad16_scc_23_direct_mutex__no-pair-closure-final-core.json
Full SA-MCGS (locked main),full-sa-mcgs-locked,11_cuad14_scc_8_direct_mutex,11,cuad,scc_8,14,medium (12-18),cuad_direct_no_fee_vs_fee_critical,False,True,True,False,0.5,0.5,7,/Users/chenlong/WorkSpace/MCGS_Law/emnlp2026_discussion/component_ablation_runs/stage2_core_replay_main40_20260711/results/11_cuad14_scc_8_direct_mutex__full-sa-mcgs-locked.json
Monotone core (replay),monotone-core,11_cuad14_scc_8_direct_mutex,11,cuad,scc_8,14,medium (12-18),cuad_direct_no_fee_vs_fee_critical,False,True,True,False,0.5,0.8571428571428572,2,/Users/chenlong/WorkSpace/MCGS_Law/emnlp2026_discussion/component_ablation_runs/stage2_core_replay_main40_20260711/results/11_cuad14_scc_8_direct_mutex__monotone-core.json
No OC/core signal (replay),no-oc-core-signal,11_cuad14_scc_8_direct_mutex,11,cuad,scc_8,14,medium (12-18),cuad_direct_no_fee_vs_fee_critical,False,True,True,False,0.5,0.5,7,/Users/chenlong/WorkSpace/MCGS_Law/emnlp2026_discussion/component_ablation_runs/stage2_core_replay_main40_20260711/results/11_cuad14_scc_8_direct_mutex__no-oc-core-signal.json
No pair closure in final core (replay),no-pair-closure-final-core,11_cuad14_scc_8_direct_mutex,11,cuad,scc_8,14,medium (12-18),cuad_direct_no_fee_vs_fee_critical,False,True,True,False,0.5,0.5,7,/Users/chenlong/WorkSpace/MCGS_Law/emnlp2026_discussion/component_ablation_runs/stage2_core_replay_main40_20260711/results/11_cuad14_scc_8_direct_mutex__no-pair-closure-final-core.json
Full SA-MCGS (locked main),full-sa-mcgs-locked,12_cuad12_scc_50_direct_mutex,12,cuad,scc_50,12,medium (12-18),cuad_direct_no_fee_vs_fee_critical,False,True,True,True,1.0,0.5,6,/Users/chenlong/WorkSpace/MCGS_Law/emnlp2026_discussion/component_ablation_runs/stage2_core_replay_main40_20260711/results/12_cuad12_scc_50_direct_mutex__full-sa-mcgs-locked.json
Monotone core (replay),monotone-core,12_cuad12_scc_50_direct_mutex,12,cuad,scc_50,12,medium (12-18),cuad_direct_no_fee_vs_fee_critical,False,True,True,True,1.0,0.6666666666666667,4,/Users/chenlong/WorkSpace/MCGS_Law/emnlp2026_discussion/component_ablation_runs/stage2_core_replay_main40_20260711/results/12_cuad12_scc_50_direct_mutex__monotone-core.json
No OC/core signal (replay),no-oc-core-signal,12_cuad12_scc_50_direct_mutex,12,cuad,scc_50,12,medium (12-18),cuad_direct_no_fee_vs_fee_critical,False,True,True,True,1.0,0.5,6,/Users/chenlong/WorkSpace/MCGS_Law/emnlp2026_discussion/component_ablation_runs/stage2_core_replay_main40_20260711/results/12_cuad12_scc_50_direct_mutex__no-oc-core-signal.json
No pair closure in final core (replay),no-pair-closure-final-core,12_cuad12_scc_50_direct_mutex,12,cuad,scc_50,12,medium (12-18),cuad_direct_no_fee_vs_fee_critical,False,True,True,True,1.0,0.5,6,/Users/chenlong/WorkSpace/MCGS_Law/emnlp2026_discussion/component_ablation_runs/stage2_core_replay_main40_20260711/results/12_cuad12_scc_50_direct_mutex__no-pair-closure-final-core.json
Full SA-MCGS (locked main),full-sa-mcgs-locked,13_debian12_scc_8_direct_mutex,13,debian,scc_8,12,medium (12-18),debian_direct_legacy_vs_new_abi_critical,False,True,True,True,1.0,0.5,6,/Users/chenlong/WorkSpace/MCGS_Law/emnlp2026_discussion/component_ablation_runs/stage2_core_replay_main40_20260711/results/13_debian12_scc_8_direct_mutex__full-sa-mcgs-locked.json
Monotone core (replay),monotone-core,13_debian12_scc_8_direct_mutex,13,debian,scc_8,12,medium (12-18),debian_direct_legacy_vs_new_abi_critical,False,True,True,True,1.0,0.8333333333333334,2,/Users/chenlong/WorkSpace/MCGS_Law/emnlp2026_discussion/component_ablation_runs/stage2_core_replay_main40_20260711/results/13_debian12_scc_8_direct_mutex__monotone-core.json
No OC/core signal (replay),no-oc-core-signal,13_debian12_scc_8_direct_mutex,13,debian,scc_8,12,medium (12-18),debian_direct_legacy_vs_new_abi_critical,False,True,True,True,1.0,0.5,6,/Users/chenlong/WorkSpace/MCGS_Law/emnlp2026_discussion/component_ablation_runs/stage2_core_replay_main40_20260711/results/13_debian12_scc_8_direct_mutex__no-oc-core-signal.json
No pair closure in final core (replay),no-pair-closure-final-core,13_debian12_scc_8_direct_mutex,13,debian,scc_8,12,medium (12-18),debian_direct_legacy_vs_new_abi_critical,False,True,True,True,1.0,0.5,6,/Users/chenlong/WorkSpace/MCGS_Law/emnlp2026_discussion/component_ablation_runs/stage2_core_replay_main40_20260711/results/13_debian12_scc_8_direct_mutex__no-pair-closure-final-core.json
Full SA-MCGS (locked main),full-sa-mcgs-locked,14_sec_ex2112_scc_2_direct_mutex,14,sec_ex21,scc_2,12,medium (12-18),sec_direct_full_consolidation_vs_retained_interest_critical,False,True,True,True,1.0,0.5,6,/Users/chenlong/WorkSpace/MCGS_Law/emnlp2026_discussion/component_ablation_runs/stage2_core_replay_main40_20260711/results/14_sec_ex2112_scc_2_direct_mutex__full-sa-mcgs-locked.json
Monotone core (replay),monotone-core,14_sec_ex2112_scc_2_direct_mutex,14,sec_ex21,scc_2,12,medium (12-18),sec_direct_full_consolidation_vs_retained_interest_critical,False,True,True,True,1.0,0.75,3,/Users/chenlong/WorkSpace/MCGS_Law/emnlp2026_discussion/component_ablation_runs/stage2_core_replay_main40_20260711/results/14_sec_ex2112_scc_2_direct_mutex__monotone-core.json
No OC/core signal (replay),no-oc-core-signal,14_sec_ex2112_scc_2_direct_mutex,14,sec_ex21,scc_2,12,medium (12-18),sec_direct_full_consolidation_vs_retained_interest_critical,False,True,True,True,1.0,0.5,6,/Users/chenlong/WorkSpace/MCGS_Law/emnlp2026_discussion/component_ablation_runs/stage2_core_replay_main40_20260711/results/14_sec_ex2112_scc_2_direct_mutex__no-oc-core-signal.json
No pair closure in final core (replay),no-pair-closure-final-core,14_sec_ex2112_scc_2_direct_mutex,14,sec_ex21,scc_2,12,medium (12-18),sec_direct_full_consolidation_vs_retained_interest_critical,False,True,True,True,1.0,0.5,6,/Users/chenlong/WorkSpace/MCGS_Law/emnlp2026_discussion/component_ablation_runs/stage2_core_replay_main40_20260711/results/14_sec_ex2112_scc_2_direct_mutex__no-pair-closure-final-core.json
Full SA-MCGS (locked main),full-sa-mcgs-locked,15_bgb11_scc_0_direct_mutex,15,bgb,scc_0,11,small (9-11),bgb_direct_timely_cure_vs_extra_charge_critical,False,True,True,True,1.0,0.5454545454545454,5,/Users/chenlong/WorkSpace/MCGS_Law/emnlp2026_discussion/component_ablation_runs/stage2_core_replay_main40_20260711/results/15_bgb11_scc_0_direct_mutex__full-sa-mcgs-locked.json
Monotone core (replay),monotone-core,15_bgb11_scc_0_direct_mutex,15,bgb,scc_0,11,small (9-11),bgb_direct_timely_cure_vs_extra_charge_critical,False,True,True,True,1.0,0.7272727272727273,3,/Users/chenlong/WorkSpace/MCGS_Law/emnlp2026_discussion/component_ablation_runs/stage2_core_replay_main40_20260711/results/15_bgb11_scc_0_direct_mutex__monotone-core.json
No OC/core signal (replay),no-oc-core-signal,15_bgb11_scc_0_direct_mutex,15,bgb,scc_0,11,small (9-11),bgb_direct_timely_cure_vs_extra_charge_critical,False,True,True,True,1.0,0.5454545454545454,5,/Users/chenlong/WorkSpace/MCGS_Law/emnlp2026_discussion/component_ablation_runs/stage2_core_replay_main40_20260711/results/15_bgb11_scc_0_direct_mutex__no-oc-core-signal.json
No pair closure in final core (replay),no-pair-closure-final-core,15_bgb11_scc_0_direct_mutex,15,bgb,scc_0,11,small (9-11),bgb_direct_timely_cure_vs_extra_charge_critical,False,True,True,True,1.0,0.5454545454545454,5,/Users/chenlong/WorkSpace/MCGS_Law/emnlp2026_discussion/component_ablation_runs/stage2_core_replay_main40_20260711/results/15_bgb11_scc_0_direct_mutex__no-pair-closure-final-core.json
Full SA-MCGS (locked main),full-sa-mcgs-locked,16_debian11_scc_23_direct_mutex,16,debian,scc_23,11,small (9-11),debian_direct_legacy_vs_new_abi_critical,False,True,True,True,1.0,0.5454545454545454,5,/Users/chenlong/WorkSpace/MCGS_Law/emnlp2026_discussion/component_ablation_runs/stage2_core_replay_main40_20260711/results/16_debian11_scc_23_direct_mutex__full-sa-mcgs-locked.json
Monotone core (replay),monotone-core,16_debian11_scc_23_direct_mutex,16,debian,scc_23,11,small (9-11),debian_direct_legacy_vs_new_abi_critical,False,True,True,True,1.0,0.8181818181818181,2,/Users/chenlong/WorkSpace/MCGS_Law/emnlp2026_discussion/component_ablation_runs/stage2_core_replay_main40_20260711/results/16_debian11_scc_23_direct_mutex__monotone-core.json
No OC/core signal (replay),no-oc-core-signal,16_debian11_scc_23_direct_mutex,16,debian,scc_23,11,small (9-11),debian_direct_legacy_vs_new_abi_critical,False,True,True,True,1.0,0.5454545454545454,5,/Users/chenlong/WorkSpace/MCGS_Law/emnlp2026_discussion/component_ablation_runs/stage2_core_replay_main40_20260711/results/16_debian11_scc_23_direct_mutex__no-oc-core-signal.json
No pair closure in final core (replay),no-pair-closure-final-core,16_debian11_scc_23_direct_mutex,16,debian,scc_23,11,small (9-11),debian_direct_legacy_vs_new_abi_critical,False,True,True,True,1.0,0.5454545454545454,5,/Users/chenlong/WorkSpace/MCGS_Law/emnlp2026_discussion/component_ablation_runs/stage2_core_replay_main40_20260711/results/16_debian11_scc_23_direct_mutex__no-pair-closure-final-core.json
Full SA-MCGS (locked main),full-sa-mcgs-locked,17_sec_ex2111_scc_3_direct_mutex,17,sec_ex21,scc_3,11,small (9-11),sec_direct_full_consolidation_vs_retained_interest_critical,False,True,True,True,1.0,0.5454545454545454,5,/Users/chenlong/WorkSpace/MCGS_Law/emnlp2026_discussion/component_ablation_runs/stage2_core_replay_main40_20260711/results/17_sec_ex2111_scc_3_direct_mutex__full-sa-mcgs-locked.json
Monotone core (replay),monotone-core,17_sec_ex2111_scc_3_direct_mutex,17,sec_ex21,scc_3,11,small (9-11),sec_direct_full_consolidation_vs_retained_interest_critical,False,True,True,False,0.5,0.8181818181818181,2,/Users/chenlong/WorkSpace/MCGS_Law/emnlp2026_discussion/component_ablation_runs/stage2_core_replay_main40_20260711/results/17_sec_ex2111_scc_3_direct_mutex__monotone-core.json
No OC/core signal (replay),no-oc-core-signal,17_sec_ex2111_scc_3_direct_mutex,17,sec_ex21,scc_3,11,small (9-11),sec_direct_full_consolidation_vs_retained_interest_critical,False,True,True,True,1.0,0.5454545454545454,5,/Users/chenlong/WorkSpace/MCGS_Law/emnlp2026_discussion/component_ablation_runs/stage2_core_replay_main40_20260711/results/17_sec_ex2111_scc_3_direct_mutex__no-oc-core-signal.json
No pair closure in final core (replay),no-pair-closure-final-core,17_sec_ex2111_scc_3_direct_mutex,17,sec_ex21,scc_3,11,small (9-11),sec_direct_full_consolidation_vs_retained_interest_critical,False,True,True,True,1.0,0.5454545454545454,5,/Users/chenlong/WorkSpace/MCGS_Law/emnlp2026_discussion/component_ablation_runs/stage2_core_replay_main40_20260711/results/17_sec_ex2111_scc_3_direct_mutex__no-pair-closure-final-core.json
Full SA-MCGS (locked main),full-sa-mcgs-locked,18_sec_ex2110_scc_7_direct_mutex,18,sec_ex21,scc_7,10,small (9-11),sec_direct_full_consolidation_vs_retained_interest_critical,False,True,True,False,0.5,0.5,5,/Users/chenlong/WorkSpace/MCGS_Law/emnlp2026_discussion/component_ablation_runs/stage2_core_replay_main40_20260711/results/18_sec_ex2110_scc_7_direct_mutex__full-sa-mcgs-locked.json
Monotone core (replay),monotone-core,18_sec_ex2110_scc_7_direct_mutex,18,sec_ex21,scc_7,10,small (9-11),sec_direct_full_consolidation_vs_retained_interest_critical,False,True,True,True,1.0,0.8,2,/Users/chenlong/WorkSpace/MCGS_Law/emnlp2026_discussion/component_ablation_runs/stage2_core_replay_main40_20260711/results/18_sec_ex2110_scc_7_direct_mutex__monotone-core.json
No OC/core signal (replay),no-oc-core-signal,18_sec_ex2110_scc_7_direct_mutex,18,sec_ex21,scc_7,10,small (9-11),sec_direct_full_consolidation_vs_retained_interest_critical,False,True,True,False,0.5,0.5,5,/Users/chenlong/WorkSpace/MCGS_Law/emnlp2026_discussion/component_ablation_runs/stage2_core_replay_main40_20260711/results/18_sec_ex2110_scc_7_direct_mutex__no-oc-core-signal.json
No pair closure in final core (replay),no-pair-closure-final-core,18_sec_ex2110_scc_7_direct_mutex,18,sec_ex21,scc_7,10,small (9-11),sec_direct_full_consolidation_vs_retained_interest_critical,False,True,True,False,0.5,0.5,5,/Users/chenlong/WorkSpace/MCGS_Law/emnlp2026_discussion/component_ablation_runs/stage2_core_replay_main40_20260711/results/18_sec_ex2110_scc_7_direct_mutex__no-pair-closure-final-core.json
Full SA-MCGS (locked main),full-sa-mcgs-locked,19_bgb9_scc_7_direct_mutex,19,bgb,scc_7,9,small (9-11),bgb_direct_timely_cure_vs_extra_charge_critical,False,True,True,True,1.0,0.4444444444444444,5,/Users/chenlong/WorkSpace/MCGS_Law/emnlp2026_discussion/component_ablation_runs/stage2_core_replay_main40_20260711/results/19_bgb9_scc_7_direct_mutex__full-sa-mcgs-locked.json
Monotone core (replay),monotone-core,19_bgb9_scc_7_direct_mutex,19,bgb,scc_7,9,small (9-11),bgb_direct_timely_cure_vs_extra_charge_critical,False,True,True,False,0.5,0.6666666666666667,3,/Users/chenlong/WorkSpace/MCGS_Law/emnlp2026_discussion/component_ablation_runs/stage2_core_replay_main40_20260711/results/19_bgb9_scc_7_direct_mutex__monotone-core.json
No OC/core signal (replay),no-oc-core-signal,19_bgb9_scc_7_direct_mutex,19,bgb,scc_7,9,small (9-11),bgb_direct_timely_cure_vs_extra_charge_critical,False,True,True,True,1.0,0.4444444444444444,5,/Users/chenlong/WorkSpace/MCGS_Law/emnlp2026_discussion/component_ablation_runs/stage2_core_replay_main40_20260711/results/19_bgb9_scc_7_direct_mutex__no-oc-core-signal.json
No pair closure in final core (replay),no-pair-closure-final-core,19_bgb9_scc_7_direct_mutex,19,bgb,scc_7,9,small (9-11),bgb_direct_timely_cure_vs_extra_charge_critical,False,True,True,True,1.0,0.4444444444444444,5,/Users/chenlong/WorkSpace/MCGS_Law/emnlp2026_discussion/component_ablation_runs/stage2_core_replay_main40_20260711/results/19_bgb9_scc_7_direct_mutex__no-pair-closure-final-core.json
Full SA-MCGS (locked main),full-sa-mcgs-locked,20_sec_ex219_scc_5_direct_mutex,20,sec_ex21,scc_5,9,small (9-11),sec_direct_full_consolidation_vs_retained_interest_critical,False,True,True,True,1.0,0.4444444444444444,5,/Users/chenlong/WorkSpace/MCGS_Law/emnlp2026_discussion/component_ablation_runs/stage2_core_replay_main40_20260711/results/20_sec_ex219_scc_5_direct_mutex__full-sa-mcgs-locked.json
Monotone core (replay),monotone-core,20_sec_ex219_scc_5_direct_mutex,20,sec_ex21,scc_5,9,small (9-11),sec_direct_full_consolidation_vs_retained_interest_critical,False,True,True,True,1.0,0.7777777777777778,2,/Users/chenlong/WorkSpace/MCGS_Law/emnlp2026_discussion/component_ablation_runs/stage2_core_replay_main40_20260711/results/20_sec_ex219_scc_5_direct_mutex__monotone-core.json
No OC/core signal (replay),no-oc-core-signal,20_sec_ex219_scc_5_direct_mutex,20,sec_ex21,scc_5,9,small (9-11),sec_direct_full_consolidation_vs_retained_interest_critical,False,True,True,True,1.0,0.4444444444444444,5,/Users/chenlong/WorkSpace/MCGS_Law/emnlp2026_discussion/component_ablation_runs/stage2_core_replay_main40_20260711/results/20_sec_ex219_scc_5_direct_mutex__no-oc-core-signal.json
No pair closure in final core (replay),no-pair-closure-final-core,20_sec_ex219_scc_5_direct_mutex,20,sec_ex21,scc_5,9,small (9-11),sec_direct_full_consolidation_vs_retained_interest_critical,False,True,True,True,1.0,0.4444444444444444,5,/Users/chenlong/WorkSpace/MCGS_Law/emnlp2026_discussion/component_ablation_runs/stage2_core_replay_main40_20260711/results/20_sec_ex219_scc_5_direct_mutex__no-pair-closure-final-core.json
Full SA-MCGS (locked main),full-sa-mcgs-locked,21_cuad34_scc_11_condition_trigger,21,cuad,scc_11,34,large (20-34),cuad_condition_trigger_unconfirmed_exception_critical,False,True,True,True,1.0,0.5294117647058824,16,/Users/chenlong/WorkSpace/MCGS_Law/emnlp2026_discussion/component_ablation_runs/stage2_core_replay_main40_20260711/results/21_cuad34_scc_11_condition_trigger__full-sa-mcgs-locked.json
Monotone core (replay),monotone-core,21_cuad34_scc_11_condition_trigger,21,cuad,scc_11,34,large (20-34),cuad_condition_trigger_unconfirmed_exception_critical,False,True,True,False,0.5,0.7941176470588236,7,/Users/chenlong/WorkSpace/MCGS_Law/emnlp2026_discussion/component_ablation_runs/stage2_core_replay_main40_20260711/results/21_cuad34_scc_11_condition_trigger__monotone-core.json
No OC/core signal (replay),no-oc-core-signal,21_cuad34_scc_11_condition_trigger,21,cuad,scc_11,34,large (20-34),cuad_condition_trigger_unconfirmed_exception_critical,False,True,True,True,1.0,0.5294117647058824,16,/Users/chenlong/WorkSpace/MCGS_Law/emnlp2026_discussion/component_ablation_runs/stage2_core_replay_main40_20260711/results/21_cuad34_scc_11_condition_trigger__no-oc-core-signal.json
No pair closure in final core (replay),no-pair-closure-final-core,21_cuad34_scc_11_condition_trigger,21,cuad,scc_11,34,large (20-34),cuad_condition_trigger_unconfirmed_exception_critical,False,True,True,False,0.5,0.5588235294117647,15,/Users/chenlong/WorkSpace/MCGS_Law/emnlp2026_discussion/component_ablation_runs/stage2_core_replay_main40_20260711/results/21_cuad34_scc_11_condition_trigger__no-pair-closure-final-core.json
Full SA-MCGS (locked main),full-sa-mcgs-locked,22_cuad34_scc_11_handoff_invariant,22,cuad,scc_11,34,large (20-34),cuad_handoff_invariant_payment_status_critical,False,True,True,True,1.0,0.5294117647058824,16,/Users/chenlong/WorkSpace/MCGS_Law/emnlp2026_discussion/component_ablation_runs/stage2_core_replay_main40_20260711/results/22_cuad34_scc_11_handoff_invariant__full-sa-mcgs-locked.json
Monotone core (replay),monotone-core,22_cuad34_scc_11_handoff_invariant,22,cuad,scc_11,34,large (20-34),cuad_handoff_invariant_payment_status_critical,False,True,True,True,1.0,0.7647058823529411,8,/Users/chenlong/WorkSpace/MCGS_Law/emnlp2026_discussion/component_ablation_runs/stage2_core_replay_main40_20260711/results/22_cuad34_scc_11_handoff_invariant__monotone-core.json
No OC/core signal (replay),no-oc-core-signal,22_cuad34_scc_11_handoff_invariant,22,cuad,scc_11,34,large (20-34),cuad_handoff_invariant_payment_status_critical,False,True,True,True,1.0,0.5294117647058824,16,/Users/chenlong/WorkSpace/MCGS_Law/emnlp2026_discussion/component_ablation_runs/stage2_core_replay_main40_20260711/results/22_cuad34_scc_11_handoff_invariant__no-oc-core-signal.json
No pair closure in final core (replay),no-pair-closure-final-core,22_cuad34_scc_11_handoff_invariant,22,cuad,scc_11,34,large (20-34),cuad_handoff_invariant_payment_status_critical,False,True,True,True,1.0,0.5588235294117647,15,/Users/chenlong/WorkSpace/MCGS_Law/emnlp2026_discussion/component_ablation_runs/stage2_core_replay_main40_20260711/results/22_cuad34_scc_11_handoff_invariant__no-pair-closure-final-core.json
Full SA-MCGS (locked main),full-sa-mcgs-locked,23_cuad34_scc_11_temporal_gate,23,cuad,scc_11,34,large (20-34),cuad_temporal_notice_receipt_gate_critical,False,True,True,True,1.0,0.5294117647058824,16,/Users/chenlong/WorkSpace/MCGS_Law/emnlp2026_discussion/component_ablation_runs/stage2_core_replay_main40_20260711/results/23_cuad34_scc_11_temporal_gate__full-sa-mcgs-locked.json
Monotone core (replay),monotone-core,23_cuad34_scc_11_temporal_gate,23,cuad,scc_11,34,large (20-34),cuad_temporal_notice_receipt_gate_critical,False,True,True,False,0.5,0.6470588235294117,12,/Users/chenlong/WorkSpace/MCGS_Law/emnlp2026_discussion/component_ablation_runs/stage2_core_replay_main40_20260711/results/23_cuad34_scc_11_temporal_gate__monotone-core.json
No OC/core signal (replay),no-oc-core-signal,23_cuad34_scc_11_temporal_gate,23,cuad,scc_11,34,large (20-34),cuad_temporal_notice_receipt_gate_critical,False,True,True,True,1.0,0.5294117647058824,16,/Users/chenlong/WorkSpace/MCGS_Law/emnlp2026_discussion/component_ablation_runs/stage2_core_replay_main40_20260711/results/23_cuad34_scc_11_temporal_gate__no-oc-core-signal.json
No pair closure in final core (replay),no-pair-closure-final-core,23_cuad34_scc_11_temporal_gate,23,cuad,scc_11,34,large (20-34),cuad_temporal_notice_receipt_gate_critical,False,True,True,True,1.0,0.5294117647058824,16,/Users/chenlong/WorkSpace/MCGS_Law/emnlp2026_discussion/component_ablation_runs/stage2_core_replay_main40_20260711/results/23_cuad34_scc_11_temporal_gate__no-pair-closure-final-core.json
Full SA-MCGS (locked main),full-sa-mcgs-locked,24_cuad28_scc_39_condition_trigger,24,cuad,scc_39,28,large (20-34),cuad_condition_trigger_unconfirmed_exception_critical,False,False,True,False,0.5,0.5357142857142857,13,/Users/chenlong/WorkSpace/MCGS_Law/emnlp2026_discussion/component_ablation_runs/stage2_core_replay_main40_20260711/results/24_cuad28_scc_39_condition_trigger__full-sa-mcgs-locked.json
Monotone core (replay),monotone-core,24_cuad28_scc_39_condition_trigger,24,cuad,scc_39,28,large (20-34),cuad_condition_trigger_unconfirmed_exception_critical,False,False,True,False,0.5,0.8571428571428572,4,/Users/chenlong/WorkSpace/MCGS_Law/emnlp2026_discussion/component_ablation_runs/stage2_core_replay_main40_20260711/results/24_cuad28_scc_39_condition_trigger__monotone-core.json
No OC/core signal (replay),no-oc-core-signal,24_cuad28_scc_39_condition_trigger,24,cuad,scc_39,28,large (20-34),cuad_condition_trigger_unconfirmed_exception_critical,False,False,True,False,0.5,0.5357142857142857,13,/Users/chenlong/WorkSpace/MCGS_Law/emnlp2026_discussion/component_ablation_runs/stage2_core_replay_main40_20260711/results/24_cuad28_scc_39_condition_trigger__no-oc-core-signal.json
No pair closure in final core (replay),no-pair-closure-final-core,24_cuad28_scc_39_condition_trigger,24,cuad,scc_39,28,large (20-34),cuad_condition_trigger_unconfirmed_exception_critical,False,False,True,False,0.5,0.5357142857142857,13,/Users/chenlong/WorkSpace/MCGS_Law/emnlp2026_discussion/component_ablation_runs/stage2_core_replay_main40_20260711/results/24_cuad28_scc_39_condition_trigger__no-pair-closure-final-core.json
Full SA-MCGS (locked main),full-sa-mcgs-locked,25_cuad28_scc_39_handoff_invariant,25,cuad,scc_39,28,large (20-34),cuad_handoff_invariant_payment_status_critical,False,True,True,True,1.0,0.5357142857142857,13,/Users/chenlong/WorkSpace/MCGS_Law/emnlp2026_discussion/component_ablation_runs/stage2_core_replay_main40_20260711/results/25_cuad28_scc_39_handoff_invariant__full-sa-mcgs-locked.json
Monotone core (replay),monotone-core,25_cuad28_scc_39_handoff_invariant,25,cuad,scc_39,28,large (20-34),cuad_handoff_invariant_payment_status_critical,False,True,True,False,0.5,0.8214285714285714,5,/Users/chenlong/WorkSpace/MCGS_Law/emnlp2026_discussion/component_ablation_runs/stage2_core_replay_main40_20260711/results/25_cuad28_scc_39_handoff_invariant__monotone-core.json
No OC/core signal (replay),no-oc-core-signal,25_cuad28_scc_39_handoff_invariant,25,cuad,scc_39,28,large (20-34),cuad_handoff_invariant_payment_status_critical,False,True,True,True,1.0,0.5357142857142857,13,/Users/chenlong/WorkSpace/MCGS_Law/emnlp2026_discussion/component_ablation_runs/stage2_core_replay_main40_20260711/results/25_cuad28_scc_39_handoff_invariant__no-oc-core-signal.json
No pair closure in final core (replay),no-pair-closure-final-core,25_cuad28_scc_39_handoff_invariant,25,cuad,scc_39,28,large (20-34),cuad_handoff_invariant_payment_status_critical,False,True,True,True,1.0,0.5357142857142857,13,/Users/chenlong/WorkSpace/MCGS_Law/emnlp2026_discussion/component_ablation_runs/stage2_core_replay_main40_20260711/results/25_cuad28_scc_39_handoff_invariant__no-pair-closure-final-core.json
Full SA-MCGS (locked main),full-sa-mcgs-locked,26_cuad28_scc_39_temporal_gate,26,cuad,scc_39,28,large (20-34),cuad_temporal_notice_receipt_gate_critical,False,False,True,False,0.5,0.5357142857142857,13,/Users/chenlong/WorkSpace/MCGS_Law/emnlp2026_discussion/component_ablation_runs/stage2_core_replay_main40_20260711/results/26_cuad28_scc_39_temporal_gate__full-sa-mcgs-locked.json
Monotone core (replay),monotone-core,26_cuad28_scc_39_temporal_gate,26,cuad,scc_39,28,large (20-34),cuad_temporal_notice_receipt_gate_critical,False,False,True,False,0.5,0.8928571428571429,3,/Users/chenlong/WorkSpace/MCGS_Law/emnlp2026_discussion/component_ablation_runs/stage2_core_replay_main40_20260711/results/26_cuad28_scc_39_temporal_gate__monotone-core.json
No OC/core signal (replay),no-oc-core-signal,26_cuad28_scc_39_temporal_gate,26,cuad,scc_39,28,large (20-34),cuad_temporal_notice_receipt_gate_critical,False,False,True,False,0.5,0.5357142857142857,13,/Users/chenlong/WorkSpace/MCGS_Law/emnlp2026_discussion/component_ablation_runs/stage2_core_replay_main40_20260711/results/26_cuad28_scc_39_temporal_gate__no-oc-core-signal.json
No pair closure in final core (replay),no-pair-closure-final-core,26_cuad28_scc_39_temporal_gate,26,cuad,scc_39,28,large (20-34),cuad_temporal_notice_receipt_gate_critical,False,False,True,False,0.5,0.5357142857142857,13,/Users/chenlong/WorkSpace/MCGS_Law/emnlp2026_discussion/component_ablation_runs/stage2_core_replay_main40_20260711/results/26_cuad28_scc_39_temporal_gate__no-pair-closure-final-core.json
Full SA-MCGS (locked main),full-sa-mcgs-locked,27_bgb25_scc_3_condition_trigger,27,bgb,scc_3,25,large (20-34),bgb_condition_trigger_pending_notice_critical,False,False,True,False,0.5,0.52,12,/Users/chenlong/WorkSpace/MCGS_Law/emnlp2026_discussion/component_ablation_runs/stage2_core_replay_main40_20260711/results/27_bgb25_scc_3_condition_trigger__full-sa-mcgs-locked.json
Monotone core (replay),monotone-core,27_bgb25_scc_3_condition_trigger,27,bgb,scc_3,25,large (20-34),bgb_condition_trigger_pending_notice_critical,False,False,True,True,1.0,0.76,6,/Users/chenlong/WorkSpace/MCGS_Law/emnlp2026_discussion/component_ablation_runs/stage2_core_replay_main40_20260711/results/27_bgb25_scc_3_condition_trigger__monotone-core.json
No OC/core signal (replay),no-oc-core-signal,27_bgb25_scc_3_condition_trigger,27,bgb,scc_3,25,large (20-34),bgb_condition_trigger_pending_notice_critical,False,False,True,False,0.5,0.52,12,/Users/chenlong/WorkSpace/MCGS_Law/emnlp2026_discussion/component_ablation_runs/stage2_core_replay_main40_20260711/results/27_bgb25_scc_3_condition_trigger__no-oc-core-signal.json
No pair closure in final core (replay),no-pair-closure-final-core,27_bgb25_scc_3_condition_trigger,27,bgb,scc_3,25,large (20-34),bgb_condition_trigger_pending_notice_critical,False,False,True,False,0.5,0.52,12,/Users/chenlong/WorkSpace/MCGS_Law/emnlp2026_discussion/component_ablation_runs/stage2_core_replay_main40_20260711/results/27_bgb25_scc_3_condition_trigger__no-pair-closure-final-core.json
Full SA-MCGS (locked main),full-sa-mcgs-locked,28_bgb25_scc_3_handoff_invariant,28,bgb,scc_3,25,large (20-34),bgb_handoff_invariant_cure_class_critical,False,True,True,False,0.5,0.52,12,/Users/chenlong/WorkSpace/MCGS_Law/emnlp2026_discussion/component_ablation_runs/stage2_core_replay_main40_20260711/results/28_bgb25_scc_3_handoff_invariant__full-sa-mcgs-locked.json
Monotone core (replay),monotone-core,28_bgb25_scc_3_handoff_invariant,28,bgb,scc_3,25,large (20-34),bgb_handoff_invariant_cure_class_critical,False,True,True,True,1.0,0.6,10,/Users/chenlong/WorkSpace/MCGS_Law/emnlp2026_discussion/component_ablation_runs/stage2_core_replay_main40_20260711/results/28_bgb25_scc_3_handoff_invariant__monotone-core.json
No OC/core signal (replay),no-oc-core-signal,28_bgb25_scc_3_handoff_invariant,28,bgb,scc_3,25,large (20-34),bgb_handoff_invariant_cure_class_critical,False,True,True,False,0.5,0.52,12,/Users/chenlong/WorkSpace/MCGS_Law/emnlp2026_discussion/component_ablation_runs/stage2_core_replay_main40_20260711/results/28_bgb25_scc_3_handoff_invariant__no-oc-core-signal.json
No pair closure in final core (replay),no-pair-closure-final-core,28_bgb25_scc_3_handoff_invariant,28,bgb,scc_3,25,large (20-34),bgb_handoff_invariant_cure_class_critical,False,True,True,False,0.5,0.52,12,/Users/chenlong/WorkSpace/MCGS_Law/emnlp2026_discussion/component_ablation_runs/stage2_core_replay_main40_20260711/results/28_bgb25_scc_3_handoff_invariant__no-pair-closure-final-core.json
Full SA-MCGS (locked main),full-sa-mcgs-locked,29_bgb25_scc_3_temporal_gate,29,bgb,scc_3,25,large (20-34),bgb_temporal_grace_period_gate_critical,False,False,True,False,0.5,0.52,12,/Users/chenlong/WorkSpace/MCGS_Law/emnlp2026_discussion/component_ablation_runs/stage2_core_replay_main40_20260711/results/29_bgb25_scc_3_temporal_gate__full-sa-mcgs-locked.json
Monotone core (replay),monotone-core,29_bgb25_scc_3_temporal_gate,29,bgb,scc_3,25,large (20-34),bgb_temporal_grace_period_gate_critical,False,False,True,False,0.5,0.88,3,/Users/chenlong/WorkSpace/MCGS_Law/emnlp2026_discussion/component_ablation_runs/stage2_core_replay_main40_20260711/results/29_bgb25_scc_3_temporal_gate__monotone-core.json
No OC/core signal (replay),no-oc-core-signal,29_bgb25_scc_3_temporal_gate,29,bgb,scc_3,25,large (20-34),bgb_temporal_grace_period_gate_critical,False,False,True,False,0.5,0.52,12,/Users/chenlong/WorkSpace/MCGS_Law/emnlp2026_discussion/component_ablation_runs/stage2_core_replay_main40_20260711/results/29_bgb25_scc_3_temporal_gate__no-oc-core-signal.json
No pair closure in final core (replay),no-pair-closure-final-core,29_bgb25_scc_3_temporal_gate,29,bgb,scc_3,25,large (20-34),bgb_temporal_grace_period_gate_critical,False,False,True,False,0.5,0.52,12,/Users/chenlong/WorkSpace/MCGS_Law/emnlp2026_discussion/component_ablation_runs/stage2_core_replay_main40_20260711/results/29_bgb25_scc_3_temporal_gate__no-pair-closure-final-core.json
Full SA-MCGS (locked main),full-sa-mcgs-locked,30_cuad25_scc_17_condition_trigger,30,cuad,scc_17,25,large (20-34),cuad_condition_trigger_unconfirmed_exception_critical,False,True,True,True,1.0,0.52,12,/Users/chenlong/WorkSpace/MCGS_Law/emnlp2026_discussion/component_ablation_runs/stage2_core_replay_main40_20260711/results/30_cuad25_scc_17_condition_trigger__full-sa-mcgs-locked.json
Monotone core (replay),monotone-core,30_cuad25_scc_17_condition_trigger,30,cuad,scc_17,25,large (20-34),cuad_condition_trigger_unconfirmed_exception_critical,False,True,True,True,1.0,0.8,5,/Users/chenlong/WorkSpace/MCGS_Law/emnlp2026_discussion/component_ablation_runs/stage2_core_replay_main40_20260711/results/30_cuad25_scc_17_condition_trigger__monotone-core.json
No OC/core signal (replay),no-oc-core-signal,30_cuad25_scc_17_condition_trigger,30,cuad,scc_17,25,large (20-34),cuad_condition_trigger_unconfirmed_exception_critical,False,True,True,True,1.0,0.52,12,/Users/chenlong/WorkSpace/MCGS_Law/emnlp2026_discussion/component_ablation_runs/stage2_core_replay_main40_20260711/results/30_cuad25_scc_17_condition_trigger__no-oc-core-signal.json
No pair closure in final core (replay),no-pair-closure-final-core,30_cuad25_scc_17_condition_trigger,30,cuad,scc_17,25,large (20-34),cuad_condition_trigger_unconfirmed_exception_critical,False,True,True,True,1.0,0.52,12,/Users/chenlong/WorkSpace/MCGS_Law/emnlp2026_discussion/component_ablation_runs/stage2_core_replay_main40_20260711/results/30_cuad25_scc_17_condition_trigger__no-pair-closure-final-core.json
Full SA-MCGS (locked main),full-sa-mcgs-locked,31_cuad25_scc_17_handoff_invariant,31,cuad,scc_17,25,large (20-34),cuad_handoff_invariant_payment_status_critical,False,True,True,True,1.0,0.52,12,/Users/chenlong/WorkSpace/MCGS_Law/emnlp2026_discussion/component_ablation_runs/stage2_core_replay_main40_20260711/results/31_cuad25_scc_17_handoff_invariant__full-sa-mcgs-locked.json
Monotone core (replay),monotone-core,31_cuad25_scc_17_handoff_invariant,31,cuad,scc_17,25,large (20-34),cuad_handoff_invariant_payment_status_critical,False,True,True,True,1.0,0.84,4,/Users/chenlong/WorkSpace/MCGS_Law/emnlp2026_discussion/component_ablation_runs/stage2_core_replay_main40_20260711/results/31_cuad25_scc_17_handoff_invariant__monotone-core.json
No OC/core signal (replay),no-oc-core-signal,31_cuad25_scc_17_handoff_invariant,31,cuad,scc_17,25,large (20-34),cuad_handoff_invariant_payment_status_critical,False,True,True,True,1.0,0.52,12,/Users/chenlong/WorkSpace/MCGS_Law/emnlp2026_discussion/component_ablation_runs/stage2_core_replay_main40_20260711/results/31_cuad25_scc_17_handoff_invariant__no-oc-core-signal.json
No pair closure in final core (replay),no-pair-closure-final-core,31_cuad25_scc_17_handoff_invariant,31,cuad,scc_17,25,large (20-34),cuad_handoff_invariant_payment_status_critical,False,True,True,True,1.0,0.52,12,/Users/chenlong/WorkSpace/MCGS_Law/emnlp2026_discussion/component_ablation_runs/stage2_core_replay_main40_20260711/results/31_cuad25_scc_17_handoff_invariant__no-pair-closure-final-core.json
Full SA-MCGS (locked main),full-sa-mcgs-locked,32_cuad25_scc_17_temporal_gate,32,cuad,scc_17,25,large (20-34),cuad_temporal_notice_receipt_gate_critical,False,True,True,True,1.0,0.52,12,/Users/chenlong/WorkSpace/MCGS_Law/emnlp2026_discussion/component_ablation_runs/stage2_core_replay_main40_20260711/results/32_cuad25_scc_17_temporal_gate__full-sa-mcgs-locked.json
Monotone core (replay),monotone-core,32_cuad25_scc_17_temporal_gate,32,cuad,scc_17,25,large (20-34),cuad_temporal_notice_receipt_gate_critical,False,True,True,True,1.0,0.88,3,/Users/chenlong/WorkSpace/MCGS_Law/emnlp2026_discussion/component_ablation_runs/stage2_core_replay_main40_20260711/results/32_cuad25_scc_17_temporal_gate__monotone-core.json
No OC/core signal (replay),no-oc-core-signal,32_cuad25_scc_17_temporal_gate,32,cuad,scc_17,25,large (20-34),cuad_temporal_notice_receipt_gate_critical,False,True,True,True,1.0,0.52,12,/Users/chenlong/WorkSpace/MCGS_Law/emnlp2026_discussion/component_ablation_runs/stage2_core_replay_main40_20260711/results/32_cuad25_scc_17_temporal_gate__no-oc-core-signal.json
No pair closure in final core (replay),no-pair-closure-final-core,32_cuad25_scc_17_temporal_gate,32,cuad,scc_17,25,large (20-34),cuad_temporal_notice_receipt_gate_critical,False,True,True,True,1.0,0.52,12,/Users/chenlong/WorkSpace/MCGS_Law/emnlp2026_discussion/component_ablation_runs/stage2_core_replay_main40_20260711/results/32_cuad25_scc_17_temporal_gate__no-pair-closure-final-core.json
Full SA-MCGS (locked main),full-sa-mcgs-locked,33_cuad24_scc_21_condition_trigger,33,cuad,scc_21,24,large (20-34),cuad_condition_trigger_unconfirmed_exception_critical,False,True,True,True,1.0,0.5416666666666667,11,/Users/chenlong/WorkSpace/MCGS_Law/emnlp2026_discussion/component_ablation_runs/stage2_core_replay_main40_20260711/results/33_cuad24_scc_21_condition_trigger__full-sa-mcgs-locked.json
Monotone core (replay),monotone-core,33_cuad24_scc_21_condition_trigger,33,cuad,scc_21,24,large (20-34),cuad_condition_trigger_unconfirmed_exception_critical,False,True,True,False,0.5,0.875,3,/Users/chenlong/WorkSpace/MCGS_Law/emnlp2026_discussion/component_ablation_runs/stage2_core_replay_main40_20260711/results/33_cuad24_scc_21_condition_trigger__monotone-core.json
No OC/core signal (replay),no-oc-core-signal,33_cuad24_scc_21_condition_trigger,33,cuad,scc_21,24,large (20-34),cuad_condition_trigger_unconfirmed_exception_critical,False,True,True,True,1.0,0.5416666666666667,11,/Users/chenlong/WorkSpace/MCGS_Law/emnlp2026_discussion/component_ablation_runs/stage2_core_replay_main40_20260711/results/33_cuad24_scc_21_condition_trigger__no-oc-core-signal.json
No pair closure in final core (replay),no-pair-closure-final-core,33_cuad24_scc_21_condition_trigger,33,cuad,scc_21,24,large (20-34),cuad_condition_trigger_unconfirmed_exception_critical,False,True,True,True,1.0,0.5416666666666667,11,/Users/chenlong/WorkSpace/MCGS_Law/emnlp2026_discussion/component_ablation_runs/stage2_core_replay_main40_20260711/results/33_cuad24_scc_21_condition_trigger__no-pair-closure-final-core.json
Full SA-MCGS (locked main),full-sa-mcgs-locked,34_cuad24_scc_21_handoff_invariant,34,cuad,scc_21,24,large (20-34),cuad_handoff_invariant_payment_status_critical,False,True,True,True,1.0,0.5416666666666667,11,/Users/chenlong/WorkSpace/MCGS_Law/emnlp2026_discussion/component_ablation_runs/stage2_core_replay_main40_20260711/results/34_cuad24_scc_21_handoff_invariant__full-sa-mcgs-locked.json
Monotone core (replay),monotone-core,34_cuad24_scc_21_handoff_invariant,34,cuad,scc_21,24,large (20-34),cuad_handoff_invariant_payment_status_critical,False,True,True,True,1.0,0.7083333333333333,7,/Users/chenlong/WorkSpace/MCGS_Law/emnlp2026_discussion/component_ablation_runs/stage2_core_replay_main40_20260711/results/34_cuad24_scc_21_handoff_invariant__monotone-core.json
No OC/core signal (replay),no-oc-core-signal,34_cuad24_scc_21_handoff_invariant,34,cuad,scc_21,24,large (20-34),cuad_handoff_invariant_payment_status_critical,False,True,True,True,1.0,0.5416666666666667,11,/Users/chenlong/WorkSpace/MCGS_Law/emnlp2026_discussion/component_ablation_runs/stage2_core_replay_main40_20260711/results/34_cuad24_scc_21_handoff_invariant__no-oc-core-signal.json
No pair closure in final core (replay),no-pair-closure-final-core,34_cuad24_scc_21_handoff_invariant,34,cuad,scc_21,24,large (20-34),cuad_handoff_invariant_payment_status_critical,False,True,True,True,1.0,0.5416666666666667,11,/Users/chenlong/WorkSpace/MCGS_Law/emnlp2026_discussion/component_ablation_runs/stage2_core_replay_main40_20260711/results/34_cuad24_scc_21_handoff_invariant__no-pair-closure-final-core.json
Full SA-MCGS (locked main),full-sa-mcgs-locked,35_cuad24_scc_21_temporal_gate,35,cuad,scc_21,24,large (20-34),cuad_temporal_notice_receipt_gate_critical,False,True,True,False,0.5,0.5416666666666667,11,/Users/chenlong/WorkSpace/MCGS_Law/emnlp2026_discussion/component_ablation_runs/stage2_core_replay_main40_20260711/results/35_cuad24_scc_21_temporal_gate__full-sa-mcgs-locked.json
Monotone core (replay),monotone-core,35_cuad24_scc_21_temporal_gate,35,cuad,scc_21,24,large (20-34),cuad_temporal_notice_receipt_gate_critical,False,True,True,False,0.5,0.6666666666666667,8,/Users/chenlong/WorkSpace/MCGS_Law/emnlp2026_discussion/component_ablation_runs/stage2_core_replay_main40_20260711/results/35_cuad24_scc_21_temporal_gate__monotone-core.json
No OC/core signal (replay),no-oc-core-signal,35_cuad24_scc_21_temporal_gate,35,cuad,scc_21,24,large (20-34),cuad_temporal_notice_receipt_gate_critical,False,True,True,False,0.5,0.5416666666666667,11,/Users/chenlong/WorkSpace/MCGS_Law/emnlp2026_discussion/component_ablation_runs/stage2_core_replay_main40_20260711/results/35_cuad24_scc_21_temporal_gate__no-oc-core-signal.json
No pair closure in final core (replay),no-pair-closure-final-core,35_cuad24_scc_21_temporal_gate,35,cuad,scc_21,24,large (20-34),cuad_temporal_notice_receipt_gate_critical,False,True,True,False,0.5,0.5416666666666667,11,/Users/chenlong/WorkSpace/MCGS_Law/emnlp2026_discussion/component_ablation_runs/stage2_core_replay_main40_20260711/results/35_cuad24_scc_21_temporal_gate__no-pair-closure-final-core.json
Full SA-MCGS (locked main),full-sa-mcgs-locked,36_cuad20_scc_28_condition_trigger,36,cuad,scc_28,20,large (20-34),cuad_condition_trigger_unconfirmed_exception_critical,False,True,True,False,0.5,0.55,9,/Users/chenlong/WorkSpace/MCGS_Law/emnlp2026_discussion/component_ablation_runs/stage2_core_replay_main40_20260711/results/36_cuad20_scc_28_condition_trigger__full-sa-mcgs-locked.json
Monotone core (replay),monotone-core,36_cuad20_scc_28_condition_trigger,36,cuad,scc_28,20,large (20-34),cuad_condition_trigger_unconfirmed_exception_critical,False,True,True,True,1.0,0.65,7,/Users/chenlong/WorkSpace/MCGS_Law/emnlp2026_discussion/component_ablation_runs/stage2_core_replay_main40_20260711/results/36_cuad20_scc_28_condition_trigger__monotone-core.json
No OC/core signal (replay),no-oc-core-signal,36_cuad20_scc_28_condition_trigger,36,cuad,scc_28,20,large (20-34),cuad_condition_trigger_unconfirmed_exception_critical,False,True,True,False,0.5,0.55,9,/Users/chenlong/WorkSpace/MCGS_Law/emnlp2026_discussion/component_ablation_runs/stage2_core_replay_main40_20260711/results/36_cuad20_scc_28_condition_trigger__no-oc-core-signal.json
No pair closure in final core (replay),no-pair-closure-final-core,36_cuad20_scc_28_condition_trigger,36,cuad,scc_28,20,large (20-34),cuad_condition_trigger_unconfirmed_exception_critical,False,True,True,False,0.5,0.55,9,/Users/chenlong/WorkSpace/MCGS_Law/emnlp2026_discussion/component_ablation_runs/stage2_core_replay_main40_20260711/results/36_cuad20_scc_28_condition_trigger__no-pair-closure-final-core.json
Full SA-MCGS (locked main),full-sa-mcgs-locked,37_cuad20_scc_28_handoff_invariant,37,cuad,scc_28,20,large (20-34),cuad_handoff_invariant_payment_status_critical,False,True,True,True,1.0,0.55,9,/Users/chenlong/WorkSpace/MCGS_Law/emnlp2026_discussion/component_ablation_runs/stage2_core_replay_main40_20260711/results/37_cuad20_scc_28_handoff_invariant__full-sa-mcgs-locked.json
Monotone core (replay),monotone-core,37_cuad20_scc_28_handoff_invariant,37,cuad,scc_28,20,large (20-34),cuad_handoff_invariant_payment_status_critical,False,True,True,True,1.0,0.65,7,/Users/chenlong/WorkSpace/MCGS_Law/emnlp2026_discussion/component_ablation_runs/stage2_core_replay_main40_20260711/results/37_cuad20_scc_28_handoff_invariant__monotone-core.json
No OC/core signal (replay),no-oc-core-signal,37_cuad20_scc_28_handoff_invariant,37,cuad,scc_28,20,large (20-34),cuad_handoff_invariant_payment_status_critical,False,True,True,True,1.0,0.55,9,/Users/chenlong/WorkSpace/MCGS_Law/emnlp2026_discussion/component_ablation_runs/stage2_core_replay_main40_20260711/results/37_cuad20_scc_28_handoff_invariant__no-oc-core-signal.json
No pair closure in final core (replay),no-pair-closure-final-core,37_cuad20_scc_28_handoff_invariant,37,cuad,scc_28,20,large (20-34),cuad_handoff_invariant_payment_status_critical,False,True,True,True,1.0,0.55,9,/Users/chenlong/WorkSpace/MCGS_Law/emnlp2026_discussion/component_ablation_runs/stage2_core_replay_main40_20260711/results/37_cuad20_scc_28_handoff_invariant__no-pair-closure-final-core.json
Full SA-MCGS (locked main),full-sa-mcgs-locked,38_cuad20_scc_28_temporal_gate,38,cuad,scc_28,20,large (20-34),cuad_temporal_notice_receipt_gate_critical,False,True,True,True,1.0,0.55,9,/Users/chenlong/WorkSpace/MCGS_Law/emnlp2026_discussion/component_ablation_runs/stage2_core_replay_main40_20260711/results/38_cuad20_scc_28_temporal_gate__full-sa-mcgs-locked.json
Monotone core (replay),monotone-core,38_cuad20_scc_28_temporal_gate,38,cuad,scc_28,20,large (20-34),cuad_temporal_notice_receipt_gate_critical,False,True,True,False,0.5,0.9,2,/Users/chenlong/WorkSpace/MCGS_Law/emnlp2026_discussion/component_ablation_runs/stage2_core_replay_main40_20260711/results/38_cuad20_scc_28_temporal_gate__monotone-core.json
No OC/core signal (replay),no-oc-core-signal,38_cuad20_scc_28_temporal_gate,38,cuad,scc_28,20,large (20-34),cuad_temporal_notice_receipt_gate_critical,False,True,True,True,1.0,0.55,9,/Users/chenlong/WorkSpace/MCGS_Law/emnlp2026_discussion/component_ablation_runs/stage2_core_replay_main40_20260711/results/38_cuad20_scc_28_temporal_gate__no-oc-core-signal.json
No pair closure in final core (replay),no-pair-closure-final-core,38_cuad20_scc_28_temporal_gate,38,cuad,scc_28,20,large (20-34),cuad_temporal_notice_receipt_gate_critical,False,True,True,True,1.0,0.55,9,/Users/chenlong/WorkSpace/MCGS_Law/emnlp2026_discussion/component_ablation_runs/stage2_core_replay_main40_20260711/results/38_cuad20_scc_28_temporal_gate__no-pair-closure-final-core.json
Full SA-MCGS (locked main),full-sa-mcgs-locked,39_sec_ex2118_scc_1_handoff_invariant,39,sec_ex21,scc_1,18,medium (12-18),sec_handoff_invariant_control_basis_critical,False,True,True,True,1.0,0.5,9,/Users/chenlong/WorkSpace/MCGS_Law/emnlp2026_discussion/component_ablation_runs/stage2_core_replay_main40_20260711/results/39_sec_ex2118_scc_1_handoff_invariant__full-sa-mcgs-locked.json
Monotone core (replay),monotone-core,39_sec_ex2118_scc_1_handoff_invariant,39,sec_ex21,scc_1,18,medium (12-18),sec_handoff_invariant_control_basis_critical,False,True,True,True,1.0,0.7222222222222222,5,/Users/chenlong/WorkSpace/MCGS_Law/emnlp2026_discussion/component_ablation_runs/stage2_core_replay_main40_20260711/results/39_sec_ex2118_scc_1_handoff_invariant__monotone-core.json
No OC/core signal (replay),no-oc-core-signal,39_sec_ex2118_scc_1_handoff_invariant,39,sec_ex21,scc_1,18,medium (12-18),sec_handoff_invariant_control_basis_critical,False,True,True,True,1.0,0.5,9,/Users/chenlong/WorkSpace/MCGS_Law/emnlp2026_discussion/component_ablation_runs/stage2_core_replay_main40_20260711/results/39_sec_ex2118_scc_1_handoff_invariant__no-oc-core-signal.json
No pair closure in final core (replay),no-pair-closure-final-core,39_sec_ex2118_scc_1_handoff_invariant,39,sec_ex21,scc_1,18,medium (12-18),sec_handoff_invariant_control_basis_critical,False,True,True,True,1.0,0.5,9,/Users/chenlong/WorkSpace/MCGS_Law/emnlp2026_discussion/component_ablation_runs/stage2_core_replay_main40_20260711/results/39_sec_ex2118_scc_1_handoff_invariant__no-pair-closure-final-core.json
Full SA-MCGS (locked main),full-sa-mcgs-locked,40_sec_ex2118_scc_7_temporal_gate,40,sec_ex21,scc_7,18,medium (12-18),sec_temporal_quarter_close_gate_critical,False,True,True,True,1.0,0.5,9,/Users/chenlong/WorkSpace/MCGS_Law/emnlp2026_discussion/component_ablation_runs/stage2_core_replay_main40_20260711/results/40_sec_ex2118_scc_7_temporal_gate__full-sa-mcgs-locked.json
Monotone core (replay),monotone-core,40_sec_ex2118_scc_7_temporal_gate,40,sec_ex21,scc_7,18,medium (12-18),sec_temporal_quarter_close_gate_critical,False,True,True,True,1.0,0.7222222222222222,5,/Users/chenlong/WorkSpace/MCGS_Law/emnlp2026_discussion/component_ablation_runs/stage2_core_replay_main40_20260711/results/40_sec_ex2118_scc_7_temporal_gate__monotone-core.json
No OC/core signal (replay),no-oc-core-signal,40_sec_ex2118_scc_7_temporal_gate,40,sec_ex21,scc_7,18,medium (12-18),sec_temporal_quarter_close_gate_critical,False,True,True,True,1.0,0.5,9,/Users/chenlong/WorkSpace/MCGS_Law/emnlp2026_discussion/component_ablation_runs/stage2_core_replay_main40_20260711/results/40_sec_ex2118_scc_7_temporal_gate__no-oc-core-signal.json
No pair closure in final core (replay),no-pair-closure-final-core,40_sec_ex2118_scc_7_temporal_gate,40,sec_ex21,scc_7,18,medium (12-18),sec_temporal_quarter_close_gate_critical,False,True,True,True,1.0,0.5,9,/Users/chenlong/WorkSpace/MCGS_Law/emnlp2026_discussion/component_ablation_runs/stage2_core_replay_main40_20260711/results/40_sec_ex2118_scc_7_temporal_gate__no-pair-closure-final-core.json
